<?xml version="1.0" encoding="utf-8"?>
<math xmlns="http://www.w3.org/1998/Math/MathML"><mrow><mi>x</mi><mo>=</mo><mfrac><mrow><mo form="prefix">-<!-- minus sign &#x2212; --></mo><mi>b</mi><mo> &#x00B1;<!-- &PlusMinus; &#x00B1; --></mo><msqrt><msup><mi>b</mi><mn>2</mn></msup><mo>-<!-- minus sign &#x2212; --></mo><mn>4</mn><mo>.<!-- &InvisibleTimes; &#x2062;--></mo><mi>a</mi><mo>.<!-- &InvisibleTimes; &#x2062;--></mo><mi>c</mi></msqrt></mrow><mrow><mn>2</mn><mo>.<!-- &InvisibleTimes;&#x2062; --></mo><mi>a</mi></mrow></mfrac></mrow></math>