<?xml version="1.0" encoding="utf-8"?><math xmlns="http://www.w3.org/1998/Math/MathML"><msqrt><mn>2</mn><mi>x</mi><mo>+</mo><mn>1</mn></msqrt><mo>=</mo><!--(x+a)^n=∑ k=0, n (n/k)x^k a^n-k--><msup><mrow><mfenced open="["  close="]" separators="|"><mrow><mi>x</mi><mo>+</mo><mi>a</mi></mrow></mfenced></mrow><mrow><mi>n</mi></mrow></msup><mo>=</mo><mrow><msubsup><mo stretchy="true">&#x2211;</mo><mrow><mi>k</mi><mo>=</mo><mn>0</mn></mrow><mrow><mi>n</mi></mrow></msubsup><mrow><mfenced open="{" close="}" separators="|"><mrow><mfrac linethickness="0pt"><mrow><mi>n</mi></mrow><mrow><mi>k</mi></mrow></mfrac></mrow></mfenced><msup><mrow><mi>x</mi></mrow><mrow><mi>k</mi></mrow></msup><msup><mrow><mi>a</mi></mrow><mrow><mi>n</mi><mo>-</mo><mi>k</mi></mrow></msup></mrow></mrow><mo>=</mo><!--e^2x+1--><mrow><msup><mrow><mi>e</mi></mrow><mrow mathcolor='#cc0000'><mn>2</mn><mi>x</mi><mo>+</mo><mn>1</mn></mrow></msup></mrow><mo>=</mo><!--(x+2)^2--><mrow><msup><mrow><mfenced><mrow><mi>x</mi><mo>+</mo><mn>2</mn></mrow></mfenced></mrow><mrow><mn>2</mn></mrow></msup></mrow>
    <matrix><matrixrow><cn> 1 </cn> <cn> 0 </cn> <cn> 0 </cn></matrixrow>
        <matrixrow><cn> 2 </cn> <cn> 0 </cn> <cn> 0 </cn></matrixrow>
        <matrixrow><cn> 3 </cn> <cn> 0 </cn> <cn> 0 </cn></matrixrow></matrix><msup><mfenced><mrow><msup><mi>x</mi><mn>2</mn></msup><mo>+</mo><mn>1</mn></mrow></mfenced><mn>2</mn></msup><mfenced><mtable><mtr><mtd><mn>1</mn></mtd><mtd><mn>2</mn></mtd><mtd><mn>2</mn></mtd><mtd><mn>1</mn></mtd></mtr><mtr><mtd><mn>2</mn></mtd><mtd><mn>1</mn></mtd><mtd><mn>1</mn></mtd><mtd><mn>1</mn></mtd></mtr><mtr><mtd><mn>3</mn></mtd><mtd><mn>1</mn></mtd><mtd><mn>1</mn></mtd><mtd><mn>1</mn></mtd></mtr></mtable></mfenced></math>